Rank,Portuguese,English
1,que,what
2,o,O
3,a,The
4,não,not
5,de,in
6,é,It's
7,e,and
8,um,a
9,eu,me
10,para,for
11,se,whether
12,me,me
13,uma,one
14,está,it is
15,com,with
16,por,per
17,do,of
18,te,you
19,os,you
20,em,in
21,ele,he
22,bem,well
23,isso,that
24,mas,but
25,como,like
26,da,gives
27,você,you
28,sim,Yes
29,no,at the
30,as,at
31,mais,more
32,meu,mine
33,aqui,here
34,na,at
35,muito,very
36,vamos,let's go
37,foi,was
38,estou,I am
39,ela,she
40,vai,go
41,fazer,to do
42,tem,have
43,isto,this
44,já,already
45,minha,mine
46,tudo,all
47,só,only
48,nos,US
49,ser,to be
50,ao,to the
51,tenho,have
52,agora,now
53,tu,you
54,vou,I'm going
55,à,The
56,sei,know
57,quando,When
58,lá,there
59,há,there is
60,porque,why
61,onde,Where
62,nada,nothing
63,seu,your
64,estás,these
65,quem,who
66,então,then
67,era,was
68,sua,your
69,ou,or
70,lhe,you
71,quero,I want
72,sou,I'm
73,nós,we
74,coisa,thing
75,são,are
76,ter,to have
77,dizer,tell
78,eles,they
79,pode,he can
80,esta,it is
81,bom,Good
82,mesmo,same
83,todos,all
84,mim,me
85,dos,From
86,estava,was
87,posso,I can
88,este,This one
89,ver,to see
90,nunca,Never
91,assim,so
92,estão,they are
93,casa,home
94,lo,lo
95,até,until
96,disse,said
97,quer,would you like
98,temos,we have
99,tempo,time
100,acho,I think
101,ir,go
102,favor,favor
103,obrigado,thanks
104,também,also
105,tens,have
106,deus,God
107,quê,what
108,ainda,still
109,vez,turn
110,noite,night
111,pai,father
112,tão,So
113,teu,your
114,falar,to speak
115,tua,your
116,melhor,best
117,dia,day
118,sobre,about
119,certo,right
120,sempre,ever
121,sabe,You know
122,és,you are
123,depois,later
124,vida,life
125,mãe,mom
126,oh,oh
127,nem,nor
128,senhor,Mr
129,estamos,we are
130,anos,years old
131,olá,Hello
132,talvez,maybe
133,sr,sir
134,homem,men
135,sem,without
136,sabes,you know
137,alguém,somebody
138,das,of
139,boa,Good
140,algo,something
141,ti,you
142,alguma,some
143,vocês,you guys
144,coisas,things
145,tinha,he had
146,dois,two
147,dele,his
148,claro,clear
149,vais,you'll
150,estar,be
151,ficar,stay
152,aí,Ouch
153,pelo,fur
154,pessoas,people
155,queres,want
156,essa,That
157,esse,that
158,verdade,truth
159,faz,he does
160,parece,looks
161,grande,great
162,antes,before
163,dinheiro,money
164,ninguém,nobody
165,apenas,only
166,pouco,little bit
167,preciso,need
168,la,there
169,comigo,with me
170,outra,other
171,trabalho,job
172,merda,Shit
173,tipo,type
174,vão,they go
175,fora,outside
176,vá,go
177,espera,wait
178,qualquer,any
179,hoje,today
180,qual,which
181,todo,all
182,olha,look
183,pela,through the
184,podes,you can
185,saber,know
186,toda,all
187,deve,he must
188,daqui,from here
189,podemos,we can
190,filho,son
191,mulher,women
192,mundo,world
193,ok,OK
194,disso,of this
195,meus,my
196,seus,your
197,nome,Name
198,dar,to give
199,cá,here
200,seja,it is
201,outro,other
202,nosso,our
203,pois,because
204,diz,it says
205,num,on one
206,nossa,Wow
207,quanto,how much
208,ei,Hey
209,sair,go out
210,queria,I wanted
211,vem,comes
212,volta,return
213,amigo,friend
214,novo,new
215,embora,although
216,lugar,place
217,será,it will be
218,certeza,assurance
219,três,three
220,sério,Really
221,mal,bad
222,têm,have
223,desculpa,excuse
224,carro,car
225,às,at
226,problema,problem
227,menos,any less
228,passa,he passes
229,vezes,times
230,nas,in the
231,ali,there
232,dela,her
233,dentro,inside
234,aconteceu,it happened
235,querida,Honey
236,primeiro,first
237,amor,love
238,pensar,think
239,todas,all
240,cara,face
241,lado,side
242,fez,he did
243,contigo,with you
244,aos,to the
245,parte,part
246,consigo,I can
247,anda,walk
248,algum,some
249,numa,in
250,aquele,that one
251,hora,hour
252,voltar,return
253,homens,men
254,dias,days
255,gente,people
256,tentar,try
257,gosto,taste
258,porquê,why
259,vi,saw
260,tarde,afternoon
261,pensei,I thought
262,entre,in between
263,suas,your
264,los,them
265,duas,two
266,obrigada,Thanks
267,desculpe,excuse me
268,sabia,you knew
269,fui,I went
270,podem,they can
271,atrás,back
272,uns,Some
273,cabeça,head
274,fica,he is
275,somos,are
276,pra,for
277,frente,front
278,cidade,City
279,amanhã,tomorrow
280,cima,top
281,momento,time
282,razão,reason
283,nenhum,none
284,família,family
285,amigos,friends
286,desde,since
287,vos,you
288,tal,such
289,horas,hour
290,sinto,I feel
291,acha,he thinks
292,achas,think
293,polícia,police
294,outros,others
295,foram,were
296,tenha,you have
297,seria,would be
298,medo,fear
299,tanto,so much
300,pronto,ready
301,precisa,need
302,entrar,log in
303,nova,new
304,deles,from them
305,si,si
306,forma,form
307,aquilo,that one
308,passar,pass
309,chegar,to arrive
310,quase,almost
311,história,story
312,deixar,leave
313,porta,door
314,cuidado,Caution
315,cada,each
316,ia,ia
317,podia,could
318,ah,ah
319,fiz,made
320,pessoa,people
321,lhes,them
322,realmente,really
323,ideia,idea
324,fosse,be
325,irmão,brother
326,morrer,die
327,devia,should
328,alguns,some
329,morto,dead
330,minhas,my
331,adeus,bye
332,feliz,happy
333,minutos,minute
334,primeira,first
335,ajudar,help
336,caso,case
337,contra,against
338,sorte,luck
339,aquela,that one
340,ano,year
341,encontrar,meet
342,vir,come over
343,caminho,path
344,rapaz,boy
345,ouvir,listen
346,enquanto,While
347,näo,not
348,maneira,manner
349,olhos,eyes
350,estes,these
351,espero,I expect
352,sido,solid
353,poderia,it could
354,semana,week
355,desta,of this
356,trabalhar,work
357,água,Water
358,matar,kill
359,durante,during
360,quarto,bedroom
361,conta,account
362,senhora,Mrs
363,morte,death
364,tive,had
365,neste,in this
366,terra,Earth
367,logo,soon
368,ajuda,help
369,guerra,war
370,estas,these
371,dá,from the
372,rápido,fast
373,feito,done
374,pára,for
375,querido,Dear
376,levar,take along
377,óptimo,optimal
378,mãos,hands
379,jogo,game
380,manhã,morning
381,arma,weapon
382,querem,want
383,fala,speaks
384,perto,near
385,for,for
386,nossos,ours
387,importante,important
388,algumas,some
389,faço,I do
390,poder,power
391,cinco,five
392,pessoal,guys
393,calma,calm
394,teus,your
395,precisamos,we need
396,rapazes,boys
397,á,The
398,juntos,together
399,acontecer,happen
400,comer,eat
401,filha,daughter
402,fim,end
403,faça,Knife
404,acredito,I believe
405,diga,say
406,baixo,short
407,venha,come
408,causa,cause
409,sra,misrule
410,espere,wait
411,escola,school
412,meio,quite
413,maior,larger
414,umas,a
415,vê,see
416,mão,hand
417,problemas,problems
418,vejo,I see
419,nisso,in that
420,mesma,same
421,começar,to start
422,chefe,boss
423,dormir,to sleep
424,velho,old
425,havia,there was
426,acabou,ended
427,disto,of this
428,dr,drill
429,mulheres,women
430,idiota,moron
431,única,only
432,última,last
433,sabem,know
434,nenhuma,none
435,viu,saw
436,dólares,dollars
437,difícil,difficult
438,quatro,four
439,coração,heart
440,número,number
441,deste,of this
442,lamento,am sorry
443,viver,to live
444,prazer,pleasure
445,sai,leaves
446,crianças,kids
447,olhe,look
448,ouve,hear
449,segundo,second
450,chega,he arrives
451,eram,they were
452,fazendo,making
453,andar,walk
454,capitão,captain
455,muitas,many
456,ouvi,I heard
457,muitos,Many
458,elas,they
459,sangue,blood
460,estado,state
461,importa,it matters
462,corpo,body
463,teve,he had
464,penso,think
465,parar,to stop
466,gostaria,would
467,mil,thousand
468,usar,use
469,ontem,yesterday
470,rapariga,girl
471,significa,means
472,festa,party
473,deixa,he leaves
474,pequeno,small
475,devo,owe
476,mau,bad
477,força,force
478,longe,far
479,filhos,sons
480,depressa,quickly
481,morreu,died
482,marido,husband
483,olhar,look
484,presidente,president
485,tomar,to take
486,essas,these
487,nesta,in this
488,demais,too much
489,meses,months
490,gosta,he likes
491,esses,Those
492,muita,lots of
493,pena,feather
494,pensa,think
495,jack,jack
496,perder,lose
497,veio,he came
498,trás,back
499,esperar,wait
500,contar,tell
501,john,John
502,buscar,search
503,paz,peace
504,procura,demand
505,porra,fuck
506,telefone,telephone
507,irmã,sister
508,disseste,he said
509,raio,lightning
510,teria,it would have
511,pais,country
512,altura,height
513,digo,say
514,menina,girl
515,estavam,They were
516,errado,wrong
517,tivesse,had
518,fazes,faz
519,vindo,coming
520,filme,movie
521,fácil,easy
522,acordo,agreement
523,nao,not
524,pergunta,question
525,possível,possible
526,vivo,alive
527,cama,bed
528,dizem,say
529,acabar,to finish
530,suficiente,enough
531,fizeste,made
532,estranho,weird
533,sabemos,we know
534,segurança,safety
535,puta,bitch
536,brincar,play
537,licença,license
538,além,in addition
539,conseguir,get
540,livro,book
541,tirar,to throw
542,país,parents
543,jantar,to have lunch
544,palavra,word
545,seis,six
546,conheço,I know
547,deu,it gave
548,nossas,our
549,passado,past
550,fique,stay
551,boca,mouth
552,outras,others
553,comida,food
554,falta,lack
555,armas,weapons
556,ficou,it was left
557,fazem,do
558,bastante,quite
559,sozinho,by myself
560,deveria,should
561,ai,there
562,minuto,minute
563,pelos,by the
564,luz,light
565,ar,air
566,tuas,your
567,música,song
568,pagar,pay
569,fogo,fire
570,próprio,own
571,atenção,attention
572,jesus,Jesus
573,chegou,it arrived
574,quiser,he wants
575,forte,strong
576,existe,exist
577,possa,be likely to
578,pedir,ask
579,sentir,to sense
580,acreditar,believe
581,partir,leave
582,continua,to be continued
583,mudar,change
584,toma,take
585,rei,King
586,direito,right
587,jovem,young
588,único,single
589,café,coffee
590,diferente,different
591,vossa,your
592,culpa,fault
593,plano,flat
594,rua,road
595,foste,were
596,milhões,millions
597,consegue,it achieves
598,pé,foot
599,correr,run
600,próxima,next
601,devias,devil
602,equipa,team
603,pequena,little
604,linda,beautiful
605,pare,Stop
606,sequer,even
607,jogar,to play
608,fico,I am
609,provavelmente,most likely
610,exactamente,exactly
611,passou,passed on
612,casamento,marriage
613,deixe,leave
614,aqueles,those ones
615,especial,Special
616,ganhar,to win
617,sala,living room
618,grandes,big ones
619,semanas,weeks
620,resto,rest
621,houve,there was
622,pior,worst
623,esteja,is
624,esposa,wife
625,natal,Christmas
626,mr,mr
627,continuar,Continue
628,quis,wanted
629,veja,Look
630,dez,ten
631,bonito,beautiful
632,precisas,accurate
633,ponto,Score
634,cão,dog
635,visto,visa
636,médico,doctor
637,estavas,you were
638,estive,I have been
639,criança,kid
640,vim,I came
641,louco,Crazy
642,raios,rays
643,queremos,we want
644,amo,master
645,devem,must
646,beber,drink
647,agente,agent
648,seguir,follow
649,negócio,business
650,alto,high
651,irá,will
652,gostava,liked
653,las,las
654,último,last
655,final,Final
656,modo,mode
657,oi,Hey
658,demasiado,too
659,haver,be
660,sentido,sense
661,bonita,beautiful
662,chamar,Call
663,acontece,it happens
664,senhores,Sirs
665,lindo,pretty
666,boas,good
667,comprar,purchase
668,matou,kill
669,sol,Sun
670,devemos,we must
671,vosso,your
672,entra,goes into
673,vês,vise
674,falando,talking
675,consegues,get
676,cedo,early
677,chama,flame
678,tom,tone
679,entendo,I understand
680,frank,frank
681,viste,vist
682,esteve,was
683,livre,free
684,hospital,hospital
685,michael,Michael
686,prisão,prison
687,viagem,trip
688,doutor,doctor
689,palavras,words
690,querer,want
691,sistema,system
692,tio,uncle
693,oportunidade,opportunity
694,campo,field
695,banho,bath
696,novamente,again
697,seguro,safe
698,pôr,per
699,próximo,next
700,conhece,you know
701,preocupes,worries
702,vontade,will
703,general,general
704,sexo,sex
705,sob,under
706,mortos,dead
707,barco,boat
708,adoro,adore
709,respeito,respect
710,grupo,group
711,professor,teacher
712,descobrir,discover
713,cabelo,hair
714,chão,floor
715,fazemos,We do
716,certa,certain
717,ligar,turn on
718,manter,to maintain
719,perfeito,Perfect
720,miúdo,kid
721,terá,will have
722,capaz,able
723,portanto,therefore
724,situação,situation
725,arranjar,get
726,avião,plane
727,começou,it started
728,simples,simple
729,finalmente,finally
730,ordem,order
731,futuro,future
732,própria,own
733,dessa,of that
734,bebé,baby
735,george,george
736,connosco,with us
737,linha,line
738,deves,must
739,real,real
740,sítio,place
741,encontro,meeting
742,vista,View
743,saia,get out
744,charlie,Charlie
745,questão,question
746,gostas,like
747,precisar,to need
748,achei,I found
749,david,David
750,sinal,signal
751,desse,of that
752,deixou,he left
753,aonde,to where
754,emprego,job
755,completamente,completely
756,sam,sam
757,dê,in
758,local,local
759,vale,OK
760,droga,damn it
761,perguntar,to ask
762,creio,believe
763,idade,age
764,pelas,by
765,the,The
766,nisto,on this
767,estávamos,we were
768,bocado,bit
769,casar,to marry
770,nessa,in that
771,lutar,fight
772,hey,hey
773,carta,Letter
774,apanhar,to take
775,leva,takes
776,peço,I ask
777,pensas,think
778,jeito,way
779,fundo,background
780,tinham,had
781,céu,sky
782,mesa,table
783,assunto,Subject
784,fome,hungry
785,exército,army
786,ler,to read
787,roupa,clothing
788,perguntas,questions
789,nesse,in that
790,sonho,dream
791,gajo,dude
792,amiga,friend
793,notícias,News
794,miúda,miúde
795,quiseres,want
796,interessa,interest
797,doente,sick
798,governo,government
799,papá,papa
800,conhecer,to meet
801,estúpido,Stupid
802,estiver,you are
803,melhores,best
804,i,I
805,bons,Good
806,daí,so
807,faria,would make
808,mostrar,Show
809,joe,joe
810,pegar,to take
811,fiquei,I was left
812,tipos,types
813,estrada,road
814,banco,Bank
815,hotel,Hotel
816,verdadeiro,real
817,povo,people
818,sozinha,by herself
819,escritório,office
820,tocar,touch
821,sete,seven
822,indo,going
823,engraçado,funny
824,iria,would go
825,nele,in him
826,lei,law
827,padre,priest
828,trouxe,he brought
829,fizeram,made
830,dito,said
831,tá,OK
832,simplesmente,simply
833,tratar,treat
834,programa,program
835,diabo,Devil
836,mente,mind
837,serviço,service
838,voz,voice
839,acredita,believe
840,encontrei,found it
841,presente,gift
842,após,after
843,resposta,answer
844,mensagem,message
845,fugir,to run away
846,quantos,how many
847,quente,warm
848,companhia,company
849,chamada,call
850,volto,back
851,mike,Mike
852,facto,fact that
853,conversa,conversation
854,mamã,mum
855,através,through
856,acabei,I finished
857,tinhas,you had
858,consegui,I achieved
859,olhem,look
860,normal,normal
861,espaço,space
862,escrever,write
863,senhoras,ladies
864,incrível,amazing
865,dizes,say
866,viva,alive
867,bela,lovely
868,esquerda,left
869,breve,brief
870,preso,stuck
871,abrir,Open
872,procurar,Search for
873,preocupe,worry
874,faças,dozen
875,feira,market
876,direita,right
877,inferno,hell
878,gostar,like
879,ataque,attack
880,acidente,accident
881,cabo,cable
882,saiu,it went out
883,idéia,idea
884,fixe,set
885,assassino,assassin
886,tempos,times
887,segundos,seconds
888,estivesse,be
889,costas,back
890,graças,thanksgiving
891,olho,eye
892,mar,sea
893,papel,paper
894,chamado,called
895,fomos,we were
896,salvar,to save
897,ambos,both
898,dor,ache
899,frio,cold
900,esperem,wait
901,missão,mission
902,diabos,hell
903,s,s
904,pensava,thought
905,ouça,listen
906,pés,foot
907,imediatamente,immediately
908,cair,to fall
909,ouro,gold
910,tenente,lieutenant
911,escuta,listening
912,chave,key
913,mês,month
914,luta,fight
915,crime,crime
916,bebida,beverage
917,maldito,damn you
918,venham,come
919,ora,now
920,centro,center
921,bola,ball
922,ótimo,excellent
923,sente,feel
924,cavalo,horse
925,lembro,weed
926,fantástico,Fantastic
927,norte,north
928,velha,old
929,parabéns,Happy birthday
930,guarda,guard
931,caixa,Cashier
932,aposto,bet
933,segunda,Monday
934,relação,relationship
935,disseram,they said
936,coronel,colonel
937,excelente,great
938,conseguiu,got
939,trazer,bring
940,metade,half
941,menino,boy
942,sendo,being
943,alma,soul
944,juro,interest
945,má,bad
946,loja,store
947,estará,be
948,parem,stop
949,almoço,lunch
950,advogado,attorney
951,sul,south
952,mestre,teacher
953,cheio,full
954,surpresa,surprise
955,garota,girl
956,lista,list
957,abre,opens
958,acerca,about
959,ordens,orders
960,oito,eight
961,morta,dead
962,paul,paul
963,erro,error
964,d,d
965,namorada,girlfriend
966,começa,begins
967,américa,America
968,pobre,poor
969,dançar,to dance
970,fazia,did
971,saiam,leave
972,carne,beef
973,cena,scene
974,falou,he spoke
975,impossível,impossible
976,conversar,to talk
977,escolha,choice
978,informação,information
979,animais,animals
980,interessante,interesting
981,posição,position
982,branco,White
983,legal,cool
984,rio,River
985,voltou,it returned
986,digas,say
987,realidade,reality
988,belo,beautiful
989,devíamos,we should
990,tiro,shot
991,comandante,commander
992,aprender,learn
993,dizendo,saying
994,prova,proof
995,harry,harry
996,soube,knot
997,ouviu,he heard
998,negócios,Business
999,vestido,dress
1000,sargento,sergeant
1001,destino,destiny
1002,tivemos,we had
1003,abaixo,below
1004,hei,Hey
1005,honra,honor
1006,energia,energy
1007,falo,I talk
1008,fizemos,We did
1009,igreja,church
1010,trabalha,works
1011,passo,step
1012,ben,ben
1013,vidas,lives
1014,funciona,it works
1015,falei,I spoke
1016,liberdade,freedom
1017,socorro,help
1018,vêm,comes
1019,vive,live
1020,parecia,seemed
1021,cerca,fence
1022,esquece,forgets
1023,tenham,have
1024,conseguimos,we achieved
1025,câmara,chamber
1026,papai,Daddy
1027,bar,Pub
1028,tira,strip
1029,horrível,horrible
1030,pá,Pan
1031,segredo,secret
1032,maravilhoso,amazing
1033,cerveja,beer
1034,precisam,need
1035,divertido,funny
1036,m,m
1037,naquela,at that
1038,uh,uh
1039,basta,enough
1040,ouviste,you hear
1041,reunião,meeting
1042,contente,happy
1043,foder,fuck
1044,volte,come back
1045,regras,rules
1046,miúdos,kids
1047,peter,peter
1048,planeta,planet
1049,triste,sad
1050,piada,joke
1051,ihe,ie
1052,vejam,come
1053,entender,understand
1054,prometo,promise
1055,passada,last
1056,jimmy,jimmy
1057,aniversário,birthday
1058,pudesse,could
1059,exemplo,example
1060,tiver,have
1061,eras,eras
1062,acaba,ends
1063,perdi,I lost
1064,tenta,try
1065,fato,fact
1066,miss,miss
1067,debaixo,underneath
1068,sejas,be
1069,prontos,ready
1070,tentei,I Tried
1071,mary,Mary
1072,serão,be
1073,explicar,explain
1074,americano,American
1075,avó,grandmother
1076,levou,he took
1077,meia,half
1078,totalmente,totally
1079,delas,from them
1080,l,lees
1081,receber,receive
1082,perigo,danger
1083,saúde,health
1084,máquina,machine
1085,tentando,trying
1086,namorado,boyfriend
1087,diria,would say
1088,conheci,I knew
1089,cristo,Christ
1090,quantas,how many
1091,tínhamos,We had
1092,saída,exit
1093,tenhas,have
1094,maioria,majority
1095,bater,to knock
1096,bolas,balls
1097,apartamento,apartment
1098,diferentes,many different
1099,negro,black
1100,podias,could
1101,estarei,I'll be
1102,desejo,desire
1103,perdeu,lost
1104,garoto,boy
1105,naquele,in that
1106,tanta,soil
1107,livros,books
1108,năo,not
1109,leve,Light
1110,diferença,difference
1111,rádio,radio
1112,fale,speak
1113,destes,of these
1114,base,base
1115,perceber,to perceive
1116,humano,human
1117,esquecer,to forget
1118,bob,bob
1119,quais,which
1120,irei,I will go
1121,james,james
1122,terrível,terrible
1123,mamãe,Mommy
1124,duro,hard
1125,mandar,to send
1126,janela,window
1127,junto,along
1128,vender,sell
1129,ama,love
1130,público,public
1131,henry,henry
1132,b,B
1133,ás,to the
1134,nave,ship
1135,sonhos,dreams
1136,põe,put
1137,tradução,Translation
1138,provas,evidences
1139,entendido,understood
1140,tribunal,court
1141,billy,Billy
1142,monte,hill
1143,meninas,girls
1144,área,area
1145,conheces,know
1146,bomba,bomb
1147,farei,do
1148,perigoso,dangerous
1149,experiência,experience
1150,bill,bill
1151,acima,above
1152,percebo,perceive
1153,existem,exist
1154,pernas,legs
1155,lua,moon
1156,graça,grace
1157,c,ç
1158,acaso,chance
1159,peça,piece
1160,estaria,would be
1161,decisão,decision
1162,odeio,I hate
1163,par,pair
1164,sabias,knavia
1165,pronta,ready
1166,metros,meters
1167,silêncio,silence
1168,humanos,humans
1169,seguinte,Following
1170,caralho,O
1171,subir,ride up
1172,devagar,slowly
1173,espécie,species
1174,clube,club
1175,oficial,official
1176,dei,die
1177,percebi,I noticed
1178,senão,if not
1179,compreendo,I understand
1180,verão,summer
1181,enorme,huge
1182,avô,grandfather
1183,cérebro,brain
1184,televisão,TV
1185,johnny,johnny
1186,propósito,purpose
1187,resolver,solve
1188,últimos,latter
1189,inglês,English
1190,esperança,hope
1191,trata,treats
1192,maluco,mad
1193,irmãos,brothers
1194,apesar,although
1195,dessas,such
1196,poderá,can
1197,contrário,contrary
1198,rainha,Queen
1199,igual,equal
1200,jim,jim
1201,parecer,seem
1202,ray,ray
1203,suponho,suppose
1204,dúvida,doubt
1205,achar,find
1206,doce,sweet
1207,danny,danny
1208,ilha,Island
1209,repente,sudden
1210,conselho,advice
1211,colocar,to place
1212,aquelas,those
1213,espírito,spirit
1214,tome,take
1215,corre,run
1216,cartas,cards
1217,tv,TV
1218,raparigas,girls
1219,vossos,your
1220,paris,Paris
1221,encontrou,found
1222,saco,bag
1223,empresa,company
1224,foto,Photograph
1225,loucura,craziness
1226,acham,find
1227,sejam,are
1228,controlo,control
1229,voce,you
1230,pensando,thinking
1231,azul,blue
1232,comboio,train
1233,vermelho,Red
1234,hipótese,hypothesis
1235,alex,alex
1236,destas,of these
1237,roupas,clothes
1238,inteligente,intelligent
1239,afinal,in the end
1240,estrela,star
1241,max,max
1242,filmes,films
1243,gelo,ice
1244,principal,main
1245,chá,tea
1246,parecem,seem
1247,terminar,finish
1248,motivo,reason
1249,desculpem,sorry
1250,soldados,soldiers
1251,teres,have
1252,vinho,wine
1253,americanos,American
1254,longo,far away
1255,dizia,say
1256,chorar,cry
1257,universidade,University
1258,certamente,Certainly
1259,usa,use
1260,perdido,lost
1261,defesa,defense
1262,buraco,hole
1263,teste,test
1264,preço,price
1265,roubar,steal
1266,r,rather
1267,braço,arm
1268,fotos,Photos
1269,inteiro,all
1270,teremos,we'll
1271,xerife,sheriff
1272,comando,command
1273,carros,cars
1274,mentir,to lie
1275,cantar,sing
1276,cozinha,kitchen
1277,porcaria,filth
1278,zona,zone
1279,lembrar,to remember
1280,desapareceu,it disappeared
1281,toca,tie
1282,necessário,required
1283,justo,fair
1284,confiar,trust
1285,nick,nick
1286,façam,make
1287,coragem,courage
1288,controle,control
1289,vós,you
1290,pareces,seems
1291,entende,you see
1292,nove,nine
1293,traz,brings
1294,proteger,protect
1295,aparecer,appear
1296,fiquem,stay
1297,inimigo,enemy
1298,pele,skin
1299,percebes,perceive
1300,contas,accounts
1301,tia,aunt
1302,deixei,let
1303,saiba,learn
1304,voar,fly
1305,nível,level
1306,to,to
1307,desses,such
1308,lixo,garbage
1309,tentou,tried
1310,beleza,beauty
1311,suposto,supposed
1312,you,you
1313,srta,MS
1314,preparar,prepare
1315,noites,nights
1316,dança,dance
1317,sapatos,shoes
1318,cuidar,to care
1319,soldado,Soldier
1320,gostei,I liked
1321,novos,new
1322,come,eats
1323,segura,secure
1324,lembra,remember
1325,entrada,Prohibited
1326,entrou,came in
1327,arte,art
1328,peixe,fish
1329,pense,think
1330,chance,chance
1331,cheia,full
1332,opinião,opinion
1333,podíamos,we could
1334,rabo,tail
1335,serei,Will be
1336,senti,I felt
1337,alta,high
1338,esperando,waiting
1339,aceitar,to accept
1340,som,sound
1341,querias,wage
1342,ficam,stay
1343,ficas,phas
1344,pega,catch
1345,férias,vacation
1346,esqueça,forget it
1347,exatamente,exactly
1348,precisava,needed
1349,cabrão,bastard
1350,nela,in it
1351,animal,animal
1352,pediu,he requested
1353,planos,plans
1354,sarah,sarah
1355,cheiro,smell
1356,herói,hero
1357,acontecendo,happening
1358,funcionar,function
1359,passei,passed
1360,código,code
1361,perna,leg
1362,londres,London
1363,drogas,drugs
1364,queira,want
1365,unidos,United
1366,lugares,places
1367,perdão,pardon
1368,vossas,your
1369,estiveste,stifed
1370,dentes,teeth
1371,t,t
1372,contacto,contact
1373,viram,see
1374,ideias,ideas
1375,espectáculo,spectacle
1376,yeah,yeah
1377,novas,new
1378,provar,to test
1379,nariz,nose
1380,vergonha,shame
1381,criar,to create
1382,chaves,keys
1383,estados,States
1384,estrelas,stars
1385,louca,crazy
1386,fará,will make
1387,natureza,nature
1388,vens,ven
1389,cliente,client
1390,ocupado,occupied
1391,iorque,york
1392,jovens,young people
1393,começo,start
1394,estação,station
1395,vendo,see
1396,preto,black
1397,preocupado,worried
1398,dum,dum
1399,mudou,changed
1400,liga,turns on
1401,caras,faces
1402,copo,glass
1403,cor,color
1404,tamanho,size
1405,cu,ass
1406,caiu,dropped down
1407,princesa,Princess
1408,pedra,stone
1409,eddie,eddie
1410,fbi,fbi
1411,corrida,race
1412,nomes,names
1413,fé,faith
1414,branca,White
1415,escute,Listen
1416,monstro,monster
1417,bobby,bobby
1418,época,era
1419,brilhante,bright
1420,ficará,stay
1421,terei,I will have
1422,direcção,direction
1423,daquele,for
1424,vento,wind
1425,dou,give
1426,haverá,there will be
1427,casaco,coat
1428,chamas,flames
1429,início,start
1430,cansado,tired out
1431,mala,suitcase
1432,tiveste,tivest
1433,árvore,tree
1434,mentira,lie
1435,batalha,battle
1436,continue,continues
1437,pegue,take it
1438,jake,Jake
1439,esperava,expected
1440,serve,it suits
1441,rico,rich
1442,charles,Charles
1443,dado,given away
1444,maria,Mary
1445,eua,USA
1446,verdadeira,true
1447,cheguei,I arrived
1448,costumava,I used to
1449,majestade,majesty
1450,tente,try
1451,ido,gone
1452,sucesso,success
1453,céus,skies
1454,pedido,request
1455,alvo,target
1456,rosto,face
1457,termos,terms
1458,classe,class
1459,cães,dogs
1460,velocidade,velocity
1461,saudades,miss you
1462,forças,forces
1463,santo,Holy
1464,canção,song
1465,io,io
1466,calças,pants
1467,cabra,goat
1468,pensam,think
1469,departamento,Department
1470,maldita,damn
1471,limpar,clean
1472,cartão,card
1473,relatório,report
1474,navio,ship
1475,velhos,old
1476,barulho,noise
1477,flores,flowers
1478,ê,and
1479,steve,steve
1480,detective,detective
1481,visita,visit
1482,lidar,to deal
1483,atrasado,late
1484,pedi,pedestal
1485,gato,cat
1486,emergência,emergency
1487,disparar,shoot
1488,parede,Wall
1489,operação,operation
1490,jamais,never
1491,tornar,become
1492,longa,long
1493,sir,sir
1494,milhares,thousands
1495,cavalheiros,gentleman
1496,absolutamente,absolutely
1497,sentes,encounter
1498,lsso,lubber
1499,gostam,like
1500,vimos,saw
1501,destruir,to destroy
1502,tommy,tommy
1503,beijo,kiss
1504,risco,risk
1505,preparado,prepared
1506,seres,beings
1507,ha,there is
1508,comum,common
1509,computador,computer
1510,cavalos,horses
1511,falamos,we talk
1512,restaurante,restaurant
1513,cinema,movie theater
1514,prefiro,I prefer
1515,responsável,responsible
1516,vinte,twenty
1517,jornal,newspaper
1518,li,li
1519,descer,come down
1520,esperto,clever
1521,esconder,hide
1522,daquela,of that
1523,somente,only
1524,movimento,movement
1525,caro,expensive
1526,pista,track
1527,porco,pig
1528,doido,crazy
1529,rir,to laugh
1530,praia,Beach
1531,estilo,style
1532,acção,action
1533,ajude,help
1534,cortar,cut
1535,escolher,choose
1536,richard,Richard
1537,eie,eie
1538,maldição,curse
1539,vieram,came
1540,imaginar,to imagine
1541,irão,will
1542,luzes,lights
1543,histórias,stories
1544,abra,open it
1545,língua,tongue
1546,distância,distance
1547,fechar,close
1548,evitar,avoid
1549,príncipe,Prince
1550,total,total
1551,errada,wrong
1552,conhecido,known
1553,toque,Touch
1554,discutir,to discuss
1555,juiz,judge
1556,ias,ias
1557,pressão,pressure
1558,informações,information
1559,especialmente,especially
1560,estranha,strange
1561,cadeia,jail
1562,banda,band
1563,devido,due
1564,justiça,justice
1565,verde,green
1566,puder,can
1567,quieto,still
1568,milhão,million
1569,duma,of
1570,pescoço,neck
1571,eh,Eh
1572,tony,tony
1573,mandou,sent
1574,imagem,Image
1575,conhecemos,We know
1576,memória,memory
1577,ponte,bridge
1578,p,for
1579,máximo,maximum
1580,meninos,boys
1581,futebol,football
1582,responder,reply
1583,desculpas,apologies
1584,braços,arms
1585,deixes,leave
1586,agradável,nice
1587,porreiro,plain
1588,manda,he sends
1589,j,J
1590,ligação,Link
1591,tchau,Goodbye
1592,oeste,West
1593,venho,I come
1594,alô,Hello
1595,ó,O
1596,pago,paid out
1597,nervoso,nervous
1598,don,don
1599,táxi,taxi
1600,vindos,coming
1601,sociedade,society
1602,calor,heat
1603,falas,speech
1604,jerry,jerry
1605,confiança,trust
1606,major,major
1607,noiva,fiancee
1608,relógio,clock
1609,casas,houses
1610,edifício,building
1611,casado,married
1612,parque,park
1613,nacional,national
1614,ridículo,ridiculous
1615,fotografia,photography
1616,washington,Washington
1617,espada,sword
1618,felizes,happy
1619,partido,broken
1620,pequenos,small
1621,tire,take it off
1622,humana,human
1623,valor,value
1624,levantar,rise
1625,aula,classroom
1626,tido,had
1627,meter,meter
1628,caramba,damn it
1629,gay,gay
1630,morre,dies
1631,autocarro,bus
1632,inglaterra,England
1633,diante,against
1634,central,central
1635,iremos,we'll
1636,cadeira,chair
1637,chapéu,hat
1638,idiotas,idiots
1639,pontos,spots
1640,serem,have
1641,deviam,should
1642,trato,tract
1643,robert,Robert
1644,faca,do
1645,ligou,call
1646,andando,walking
1647,vás,vault
1648,acorda,wake up
1649,investigação,investigation
1650,ponha,put
1651,calhar,calham
1652,processo,process
1653,imenso,immense
1654,and,and
1655,apareceu,he appeared
1656,sentado,seated
1657,escuro,dark
1658,uau,Wow
1659,posto,put
1660,comecei,started
1661,aulas,classes
1662,inteira,entire
1663,dados,Dice
1664,acabado,finished
1665,corte,cut
1666,baixa,low
1667,treinador,coach
1668,limpo,clean
1669,voo,flight
1670,várias,various
1671,combate,combat
1672,lee,lee
1673,jane,Jane
1674,conduzir,lead
1675,gritar,shout out
1676,deixem,leave
1677,atirar,shoot
1678,york,york
1679,interior,interior
1680,dave,dave
1681,ficamos,we stay
1682,andas,andas
1683,portas,doors
1684,carreira,career
1685,matt,matt
1686,perdemos,we lost
1687,descansar,rest
1688,leite,milk
1689,bordo,board
1690,simpático,kind
1691,chuva,rain
1692,walter,walter
1693,fumar,smoke
1694,faremos,we will
1695,visão,vision
1696,ouvido,ear
1697,ruas,streets
1698,policia,police
1699,pensou,he thought
1700,política,policy
1701,universo,universe
1702,mark,Mark
1703,tantas,so many
1704,líder,leader
1705,mapa,map
1706,conseguia,he could
1707,normalmente,normally
1708,dono,owner
1709,gozar,enjoy
1710,mercado,Marketplace
1711,uso,use
1712,salvo,saved
1713,dedos,fingers
1714,huh,huh
1715,infelizmente,Unfortunately
1716,jogos,games
1717,troca,exchange
1718,inocente,innocent
1719,militar,military
1720,roma,pomegranate
1721,via,via
1722,aspecto,aspect
1723,escapar,escape
1724,entendi,I understood
1725,bebê,drink
1726,km,km
1727,vieste,viaste
1728,conseguiste,managed
1729,série,series
1730,apoio,support
1731,matei,killed
1732,clientes,customers
1733,orgulho,pride
1734,éramos,we were
1735,verificar,check
1736,conseguem,can
1737,vêem,come
1738,vemos,we see
1739,números,numbers
1740,julgamento,judgment
1741,terem,have
1742,depende,It depends
1743,respirar,breathe
1744,teoria,theory
1745,larga,wide
1746,laboratório,laboratory
1747,larry,larry
1748,correcto,correct
1749,mo,mo
1750,rapidamente,quickly
1751,mudança,change
1752,faculdade,college
1753,pedaço,chunk
1754,show,show
1755,rosa,rose
1756,maiores,larger
1757,sacana,bastard
1758,tiveram,had
1759,natural,Natural
1760,preocupar,worry
1761,anel,ring
1762,patrão,boss
1763,vítima,victim
1764,encontramos,we find
1765,grávida,pregnant
1766,entanto,however
1767,bebe,baby
1768,confusão,confusion
1769,terceiro,third
1770,andy,Andy
1771,busca,search
1772,lago,lake
1773,possamos,we can
1774,procurando,searching
1775,escrito,written
1776,frança,France
1777,vários,many
1778,pude,pose
1779,corpos,bodies
1780,escreveu,he wrote
1781,montanha,Mountain
1782,aeroporto,airport
1783,estúpida,stupid
1784,mata,Woods
1785,andado,walked
1786,chris,Chris
1787,miúdas,pivot
1788,passe,pass
1789,sobreviver,survive
1790,bala,bullet
1791,prestes,fess
1792,dever,to owe
1793,excepto,except
1794,pressa,hurry
1795,suspeito,suspect
1796,marca,brand
1797,poucos,few
1798,brian,Brian
1799,director,director
1800,acreditas,believe
1801,controlar,to control
1802,antigo,old one
1803,interesse,interest
1804,mexer,to mix
1805,unidade,unity
1806,chame,call
1807,material,material
1808,perfeita,perfect
1809,construir,ramp up
1810,notícia,news
1811,telemóvel,mobile phone
1812,correu,ran
1813,apresentar,to present
1814,ouçam,list
1815,kate,kate
1816,carrinha,Van
1817,más,but
1818,acordar,wake up
1819,floresta,Forest
1820,ando,walk
1821,costa,coast
1822,amar,love
1823,geral,general
1824,dedo,finger
1825,sentimentos,feelings
1826,parceiro,partner
1827,bolsa,handbag
1828,profissional,professional
1829,merdas,shit
1830,morreram,die
1831,encontrado,found
1832,feita,done
1833,doença,disease
1834,mostra,show
1835,martin,martin
1836,crescer,to grow
1837,imbecil,asshole
1838,ferido,injured
1839,leste,East
1840,regressar,return
1841,queiras,queer
1842,neve,snow
1843,peso,Weight
1844,baile,prom
1845,sentar,to sit
1846,mundial,worldwide
1847,médicos,medical
1848,dão,give
1849,judeus,Jews
1850,contou,said
1851,campeão,champion
1852,ovos,eggs
1853,importo,import
1854,servir,serve
1855,óptima,optimal
1856,garrafa,bottle
1857,momentos,moments
1858,vídeo,video
1859,deseja,want
1860,agentes,agents
1861,imprensa,press
1862,kevin,Kevin
1863,aberta,open
1864,quão,how
1865,recebi,I received
1866,ganhou,has won
1867,mano,Bro
1868,maravilhosa,Wonderful
1869,atacar,attack
1870,desistir,to give up
1871,aldeia,village
1872,parecido,like
1873,entregar,deliver
1874,disser,say
1875,rock,rock
1876,partida,match
1877,acesso,access
1878,tantos,many
1879,decidir,decide
1880,homicídio,murder
1881,entendes,understand
1882,chamam,call
1883,will,Will
1884,instante,instant
1885,vivos,alive
1886,madame,ma'am
1887,soubesse,knew
1888,deixado,left
1889,obviamente,obviously
1890,chegaram,They arrived
1891,viemos,we came
1892,culpado,guilty
1893,resultado,result
1894,direitos,rights
1895,desaparece,fades away
1896,jardim,garden
1897,deserto,desert
1898,nâo,not
1899,ficaria,stay
1900,ruim,bad
1901,paga,pay
1902,n,n
1903,próprios,own
1904,lixar,sand
1905,interessado,interested
1906,ouvidos,ear
1907,fantasma,ghost
1908,angeles,angeles
1909,estudar,studying
1910,domingo,Sunday
1911,entrem,come in
1912,oferta,offer
1913,notas,grades
1914,contrato,contract
1915,encontraram,found
1916,brincadeira,Just kidding
1917,sábado,Saturday
1918,san,san
1919,tempestade,storm
1920,bolo,cake
1921,lar,home
1922,gabinete,cabinet
1923,colega,co-worker
1924,companheiro,partner
1925,demorar,to take time
1926,gás,gas
1927,agradecer,to thank
1928,thomas,Thomas
1929,data,date
1930,tendo,having
1931,fizer,do
1932,bêbado,drunk
1933,estaremos,will be
1934,acredite,believe it
1935,enviar,submit
1936,bilhete,ticket
1937,pessoalmente,personally
1938,reino,Kingdom
1939,propriedade,property
1940,ministro,minister
1941,entendeu,he understood
1942,aparece,pops up
1943,receio,fear
1944,visitar,visit
1945,crer,believe
1946,daqueles,those
1947,francês,French
1948,viajar,travel
1949,recuperar,to recover
1950,responsabilidade,responsibility
1951,voltas,turn
1952,mel,honey
1953,carl,carl
1954,alemães,Germans
1955,garotas,girl
1956,pro,pro
1957,testemunha,witness
1958,equipe,team
1959,simon,simon
1960,queriam,wanted
1961,pão,bread
1962,pequenas,small
1963,califórnia,California
1964,senhorita,miss
1965,conhecimento,knowledge
1966,primo,cousin
1967,cala,cala
1968,new,new
1969,europa,Europe
1970,méxico,Mexico
1971,peito,chest
1972,fugiu,ran away
1973,sensação,sensation
1974,william,William
1975,poderoso,powerful
1976,podiam,could
1977,centenas,hundreds
1978,inimigos,enemies
1979,hein,huh
1980,ganha,won
1981,mantém,keeps
1982,farto,tired
1983,magia,Magic
1984,malta,Malta
1985,anna,anna
1986,agradeço,appreciate
1987,aberto,open
1988,vitória,victory
1989,achou,he thought
1990,voltem,come back
1991,partes,parts
1992,assassinato,murder
1993,massa,pasta
1994,fecha,closet
1995,bravo,angry
1996,ligue,call
1997,ligado,switched on
1998,boleia,bitch
1999,vinha,came
2000,efeito,It is made